Marca,Producto,Precio
MarcaINFINIX,CELULAR SMART 8 4GB/128GB INFINIX NEGRO,"$109,00"
MarcaHONOR,CELULAR X6A PLUS 6GB/256GB HONOR PURPURA,"$149,01"
MarcaINFINIX,CELULAR NOTE 40 PRO 8GB/256GB INFINIX DORADO REF 4390,"$309,01"
MarcaINFINIX,CELULAR SMART 8 4GB/128GB INFINIX DORADO,"$109,00"
MarcaINFINIX,CELULAR HOT 40I 8GB/256GB INFINIX DORADO REF 4377,"$159,00"
MarcaXiaomi,CELULAR REDMI NOTE 13 PRO 8GB/256GB XIAOMI LILA,"$309,01"
MarcaINFINIX,CELULAR HOT 40I 8GB/256GB INFINIX NEGRO REF 4376,"$159,00"
MarcaINFINIX,CELULAR HOT 40 PRO 8GB/256GB INFINIX AZUL,"$209,00"
MarcaTECNO,CELULAR SPARK 20 PRO PLUS 8GB/256BG TECNO NEGRO,"$239,00"
MarcaXiaomi,CELULAR REDMI 13C 8GB/256GB XIAOMI NEGRO,"$159,00"
MarcaINFINIX,CELULAR NOTE 40 8GB/256GB INFINIX DORADO REF 4392,"$259,00"
MarcaINFINIX,CELULAR HOT 40 PRO 8GB/256GB INFINIX DORADO,"$209,00"
MarcaINFINIX,CELULAR NOTE 40 PRO 8GB/256GB INFINIX VERDE REF 4389,"$309,01"
MarcaINFINIX,CELULAR SMART 8 4GB/128GB INFINIX VERDE,"$109,00"
MarcaTECNO,CELULAR SPARK 20 PRO 8GB/256GB TECNO NEGRO,"$199,00"
MarcaTECNO,CELULAR SPARK 20 8GB/256GB TECNO DORADO,"$149,01"
MarcaTECNO,CELULAR SPARK GO 2024 3GB/64GB TECNO BLANCO,"$99,00"
MarcaINFINIX,CELULAR HOT 40 PRO 8GB/256GB INFINIX NEGRO,"$209,00"
MarcaHONOR,CELULAR X8B 8GB/512GB HONOR PLATA,"$305,00"
MarcaTECNO,CELULAR SPARK GO 2024 3GB/64GB TECNO NEGRO,"$99,00"
MarcaTECNO,CELULAR SPARK GO 2024 4GB/128GB TECNO BLANCO,"$109,00"
MarcaHONOR,CELULAR X7B 8GB/256GB HONOR NEGRO,"$209,00"
MarcaTECNO,CELULAR SPARK 20 8GB/256GB TECNO NEGRO,"$149,01"
MarcaINFINIX,CELULAR HOT 40I 8GB/256GB INFINIX AZUL,"$159,00"
MarcaXiaomi,CELULAR REDMI 13 PRO PLUS 5G 12G/512GB XIAOMI NEGRO,"$519,00"
MarcaHONOR,CELULAR X6A PLUS 6GB/256GB HONOR PLATEADO,"$149,01"
MarcaSamsung,CELULAR A55 5G 8GB/256GB SAMSUNG NEGRO REF 2161,"$539,01"
MarcaTECNO,CELULAR CAMON 30 8GB/256GB TECNO NEGRO,"$269,00"
MarcaXiaomi,CELULAR REDMI NOTE 13 4G 8GB/256GB XIAOMI NEGRO,"$239,00"
MarcaSamsung,CELULAR GALAXY A15 DS 6GB/128GB SAMSUNG NEGRO,"$169,00"
MarcaXiaomi,CELULAR REDMI NOTE 13 PRO 8GB/256GB XIAOMI VERDE,"$309,01"
MarcaTECNO,CELULAR SPARK 20 PRO PLUS 8GB/256BG TECNO VERDE,"$239,00"
MarcaXiaomi,CELULAR NOTE 11S 6GB/128GB XIAOMI BLANCO,"$259,00"
MarcaTECNO,CELULAR SPARK 20C 4GB/128GB TECNO VERDE,"$119,00"
MarcaTECNO,CELULAR POVA 5 8GB/256GB TECNO DORADO,"$169,00"
MarcaTIA,COMBO CELULARES SPARK 20C 4GB/256GB TECNO NEGRO + CELULARES SPARK 20C 4GB/256GB TECNO NEGRO,"$251,00"
MarcaTECNO,CELULAR SPARK 20 8GB/256GB TECNO BLANCO,"$149,01"
MarcaTECNO,CELULAR SPARK 20 PRO 8GB/256GB TECNO DORADO,"$199,00"
MarcaSamsung,CELULAR GALAXY A15 DS 6GB/128GB SAMSUNG AZUL,"$169,00"
MarcaXiaomi,CELULAR REDMI NOTE 13 PRO 8GB/256GB XIAOMI NEGRO,"$309,01"
MarcaTIA,CELULAR X7B 8GB/256GB HONOR VERDE MAS CELULAR X6A PLUS 6GB/256GB HONOR PURPURA,"$349,00"
MarcaTECNO,CELULAR SPARK GO 2024 4GB/128GB TECNO NEGRO,"$109,00"
MarcaXiaomi,CELULAR REDMI 13 PRO PLUS 5G 12G/512GB XIAOMI BLANCO,"$519,00"
MarcaXiaomi,CELULAR REDMI 13C 4GB/256GB XIAOMI NEGRO,"$139,00"
MarcaXiaomi,CELULAR REDMI A3 3GB/64GB XIAOMI NEGRO,"$109,00"
MarcaTIA,CELULAR SPARK 20 8GB/256GB TECNO BLANCO MAS CELULAR SPARK 20 8GB/256GB TECNO DORADO GRATIS 2 CASES,"$299,00"
MarcaSamsung,CELULAR GALAXY A15 DS 6GB/128GB SAMSUNG AMARILLO,"$169,00"
MarcaHONOR,CELULAR MAGIC 6 LITE 8GB/256GB HONOR PLATA,"$355,01"
MarcaINFINIX,CELULAR HOT 40I 4GB/128GB INFINIX NEGRO,"$125,01"
MarcaHONOR,CELULAR X8B 8GB/512GB HONOR VERDE,"$305,00"
MarcaINFINIX,CELULAR HOT 40I 4GB/128GB INFINIX AZUL REF 4383,"$125,01"
MarcaTECNO,CELULAR CAMON 20 PREMIER 8GB/512GB TECNO AZUL,"$269,00"
MarcaXiaomi,CELULAR REDMI 13C 8GB/256GB XIAOMI AZUL,"$159,00"
MarcaHONOR,CELULAR MAGIC 5 LITE 8GB/256GB HONOR VERDE,"$289,00"
MarcaTECNO,CELULAR SPARK 10C 8GB/128GB TECNO AZUL,"$109,00"
MarcaINFINIX,CELULAR HOT 40I 4GB/128GB INFINIX DORADO,"$125,01"
MarcaTIA,CELULAR SPARK 20C 4GB/128GB TECNO VERDE MAS CELULAR SPARK 20 8GB/256GB TECNO DORADO,"$269,01"
MarcaHONOR,CELULAR X7B 8GB/256GB HONOR VERDE,"$209,00"
MarcaTECNO,CELULAR SPARK 20C 4GB/256GB TECNO BLANCO,"$129,00"
MarcaXiaomi,CELULAR REDMI NOTE 13 PRO 5G 8GB/256GB XIAOMI AZUL,"$379,01"
MarcaINFINIX,CELULAR SMART 8 3GB/64GB INFINIX DORADO,"$99,00"
MarcaTECNO,CELULAR PHANTOM FOLD AD10 12GB/512GB TECNO NEGRO,"$1.199,00"
MarcaREALME,CELULAR 11 5G 8GB/256GB REALME NEGRO,"$299,00"
MarcaXiaomi,CELULAR REDMI NOTE 13 PRO 5G 8GB/256GB XIAOMI AZUL,"$379,01"
MarcaXiaomi,CELULAR REDMI 13 PRO PLUS 5G 12G/512GB XIAOMI LILA,"$519,00"
MarcaREALME,CELULAR C67 8GB/256GB REALME NEGRO,"$229,00"
MarcaXiaomi,CELULAR REDMI 13C 4GB/256GB XIAOMI VERDE,"$139,00"
MarcaINFINIX,CELULAR SMART 8 3GB/64GB INFINIX NEGRO,"$99,00"
MarcaXiaomi,CELULAR REDMI NOTE 13 4G 8GB/256GB XIAOMI AZUL,"$239,00"
MarcaSamsung,CELULAR GALAXY A54 8GB/256GB SAMSUNG VERDE,"$399,00"
MarcaXiaomi,CELULAR REDMI 13C 8GB/256GB XIAOMI VERDE,"$159,00"
MarcaTECNO,CELULAR SPARK 20C 4GB/128GB TECNO BLANCO,"$119,00"
MarcaNOKIA,CELULAR C2 TA-1471 2GB/32GB NOKIA AZUL,"$79,01"
MarcaINFINIX,CELULAR HOT 30I 4GB/128 GB INFINIX AZUL,"$109,00"
MarcaSamsung,CELULAR A14 4GB/128GB SAMSUNG NEGRO,"$169,00"
MarcaINFINIX,CELULAR NOTE 30 PRO 8GB/256GB INFINIX NEGRO,"$269,00"
MarcaTECNO,CELULAR CAMON 20 8GB/256GB TECNO PLATEADO,"$218,99"
MarcaTECNO,CELULAR CAMON 20 8GB/256GB TECNO AZUL,"$218,99"
MarcaXiaomi,CELULAR NOTE 11S 6GB/128GB XIAOMI GRIS,"$269,00"
MarcaUNIDEN,TELEFONO INALAMBRICO NEGRO UNIDEN 2 UNI REF 22BK,"$49,00"
MarcaPANASONIC,TELEFONO INALAMBRICO C/3 BASES NEGRO PANASONIC REF 3LAB,"$121,99"
MarcaHONOR,CELULAR X6S 4GB/128GB HONOR PLATEADO,"$139,00"
MarcaTECNO,CELULAR SPARK 10C 8GB/128GB TECNO NEGRO,"$129,00"
MarcaREALME,CELULAR C67 8GB/256GB REALME VERDE,"$229,00"
MarcaTECNO,CELULAR SPARK 20 PRO PLUS 8GB/256BG TECNO BLANCO,"$239,00"
MarcaXiaomi,CELULAR REDMI NOTE 13 PRO 5G 8GB/256GB XIAOMI NEGRO,"$379,01"
MarcaXiaomi,CELULAR REDMI A3 4GB/128GB XIAOMI AZUL,"$129,00"
MarcaXiaomi,CELULAR REDMI A3 4GB/128GB XIAOMI NEGRO,"$129,00"
MarcaXiaomi,CELULAR REDMI A3 3GB/64GB XIAOMI VERDE,"$109,00"
MarcaZTE,COMBO 2 CELULARES A54 4GB/128GB ZTE MAS 2 SMARTWATCH,"$289,00"
MarcaTECNO,CELULAR CAMON 30 8GB/256GB TECNO PLATA,"$269,00"
MarcaTIA,COMBO CELULAR X8B 8GB/512GB HONOR PLATA MAS AURICULARES INALAMBRICOS X5 HONOR BLANCO,"$329,00"
MarcaMOTOROLA,CELULAR EDGE 40 NEO 8GB/256GB MOTOROLA AZUL,"$429,00"
MarcaHONOR,CELULAR X9B 8GB/512GB HONOR PLATA,"$399,00"
MarcaTIA,COMBO CELULAR SPARK 20C 4GB/128GB TECNO VERDE MAS CELULAR SPARK 20C 4GB/128GB TECNO VERDE,"$235,00"
MarcaXiaomi,CELULAR REDMI 13 8GB/256GB XIAOMI AZUL,"$229,00"
MarcaINFINIX,CELULAR HOT 30 8GB/256GB INFINIX NEGRO,"$169,00"
MarcaXiaomi,CELULAR REDMI A2 3GB/32GB XIAOMI,"$119,00"
MarcaSamsung,CELULAR GALAXY A54 8GB/256GB SAMSUNG NEGRO,"$399,00"
MarcaSamsung,CELULAR A05 4GB/128GB SAMSUNG NEGRO REF 02142,"$159,00"
MarcaSamsung,CELULAR A05 4GB/128GB SAMSUNG PLATEADO REF 02140,"$149,01"
MarcaPANASONIC,TELEFONO INALAMBRICO PANASONIC NEGRO REF 110LAB,"$46,00"
MarcaTECNO,CELULAR SPARK 20C 4GB/256GB TECNO NEGRO,"$129,00"
MarcaTECNO,CELULAR SPARK 20C 4GB/256GB TECNO VERDE,"$129,00"
MarcaSamsung,CELULAR GALAXY A25 6GB/128GB 5G SAMSUNG AZUL,"$249,00"
MarcaSamsung,CELULAR GALAXY A25 6GB/128GB 5G SAMSUNG NEGRO,"$249,00"
MarcaHONOR,CELULAR X6A 4GB/128GB HONOR AZUL,"$448,99"
MarcaHONOR,CELULAR X6A 4GB/128GB HONOR NEGRO,"$159,00"
MarcaMOTOROLA,CELULAR G54 8GB/128GB MOTOROLA NEGRO,"$229,00"
MarcaTECNO,CELULAR SPARK 10C 4GB/128GB TECNO NEGRO,"$109,00"
MarcaXiaomi,CELULAR POCO M3 4GB/128GB XIAOMI AZUL,"$279,00"
MarcaOPPO,CELULAR A78 5G 8GB/256GB OPPO VERDE,"$259,00"
MarcaINFINIX,CELULAR ZERO 30 8GB/256GB INFINIX DORADO,"$289,00"
MarcaOPPO,CELULAR A58 6GB/128GB OPPO NEGRO,"$189,00"
MarcaTECNO,CELULAR SPARK 20 8GB/256GB TECNO AZUL,"$149,01"
MarcaXiaomi,CELULAR REDMI 12 6GB/128GB XIAOMI GRIS,"$218,99"
MarcaXiaomi,CELULAR REDMI 12 6GB/128GB XIAOMI VERDE,"$218,99"
MarcaTECNO,CELULAR SPARK 20C 4GB/128GB TECNO NEGRO NV,"$119,00"
MarcaMOTOROLA,CELULAR G32 4GB/128 GB MOTOROLA PLATEADO,"$169,00"
MarcaTECNO,CELULAR CAMON 20 PRO 8GB/256GB TECNO MR DOODLE EDITION MAS BOX GIFT,"$260,00"
MarcaXiaomi,CELULAR REDMI NOTE 12 PRO 5G 8GB/256GB XIAOMI NEGRO,"$419,00"
MarcaREALME,CELULAR 11 5G 8GB/256GB REALME DORADO,"$299,00"
MarcaHONOR,CELULAR 90 LITE 8GB/256GB HONOR NEGRO,"$269,00"
MarcaHONOR,CELULAR 90 LITE 8GB/256GB HONOR AZUL,"$269,00"
MarcaINFINIX,CELULAR NOTE 30 X6833 8GB/256GB INFINIX NEGRO,"$229,00"
MarcaTECNO,CELULAR SPARK 10C 4GB/128GB TECNO AZUL,"$109,00"
MarcaPANASONIC,TELEFONO PLATA PANASONIC,"$22,99"
MarcaPANASONIC,TELEFONO BLANCO PANASONIC REF 0LX1,"$24,99"
MarcaPANASONIC,TELEFONO INALAMBRICO C/3 BASES NEGRO PANASONIC,"$144,99"
MarcaPANASONIC,TELEFONO INALAMBRICO C/2 BASES NEGRO PANASONIC,"$95,00"
MarcaXiaomi,CELULAR REDMI 12C 4GB/128GB XIAOMI AZUL,"$139,00"
MarcaPANASONIC,TELEFONO NEGRO PANASONIC REF 0LX1,"$24,99"
MarcaPANASONIC,TELEFONO PLATA PANASONIC,"$22,99"
MarcaPANASONIC,TELEFONO BLANCO PANASONIC REF 0LX1,"$24,99"
MarcaPANASONIC,TELEFONO INALAMBRICO C/3 BASES NEGRO PANASONIC,"$144,99"
MarcaPANASONIC,TELEFONO INALAMBRICO C/2 BASES NEGRO PANASONIC,"$95,00"
MarcaXiaomi,CELULAR REDMI 12C 4GB/128GB XIAOMI AZUL,"$139,00"
MarcaPANASONIC,TELEFONO NEGRO PANASONIC REF 0LX1,"$24,99"
MarcaXiaomi,CELULAR NOTE 11 6GB/128GB XIAOMI GRIS,"$259,00"
MarcaXiaomi,CELULAR NOTE 10 PRO 6GB/128GB XIAOMI AZUL,"$489,00"
MarcaXiaomi,CELULAR REDMI NOTE 8 PRO 64GB XIAOMI GRIS,"$309,01"
MarcaTECNO,CELULAR SPARK 20 PRO 8GB/256GB TECNO VERDE,"$199,00"
MarcaHONOR,CELULAR X8B 8GB/512GB HONOR AZUL,"$305,00"
MarcaAPPLE,CELULAR IPHONE 15 256GB APPLE AZUL,"$1.299,01"
MarcaSamsung,CELULAR GALAXY S24 PLUS 8GB/512GB SAMSUNG NEGRO,"$1.299,01"
MarcaINFINIX,CELULAR HOT 40I 8GB/256GB INFINIX VERDE REF 4378,"$159,00"
MarcaINFINIX,CELULAR HOT 40I 4GB/128GB INFINIX VERDE REF 4382,"$125,01"
MarcaHONOR,CELULAR X5 PLUS 4GB/64GB HONOR NEGRO,"$139,00"
MarcaMOTOROLA,CELULAR G23 4GB/128G MOTOROLA AZUL,"$189,00"
MarcaMOTOROLA,CELULAR G14 4GB/128GB MOTOROLA AZUL,"$159,00"
MarcaREALME,CELULAR C55 8GB/256GB REALME NEGRO,"$209,00"
MarcaSamsung,CELULAR GALAXY Z FLIP 5 8GB/256GB SAMSUNG NEGRO GRATIS MOCHI,"$1.449,00"
MarcaMOTOROLA,CELULAR G72 6GB/128 GB MOTOROLA NEGRO,"$179,00"
MarcaTECNO,CELULAR CAMON 20 PREMIER 8GB/512GB TECNO NEGRO,"$459,00"
MarcaINFINIX,CELULAR HOT 30 8GB/256GB INFINIX BLANCO,"$159,00"
MarcaINFINIX,CELULAR HOT 30I 8GB/128GB INFINIX AZUL,"$129,00"
MarcaXiaomi,CELULAR POCO X5 5G 8GB/256GB XIAOMI NEGRO,"$339,00"
MarcaINFINIX,CELULAR HOT 30I 4GB/128 GB INFINIX NEGRO,"$109,00"
MarcaAPPLE,CELULAR IPHONE 14 PRO 6GB/256GB APPLE NEGRO,"$1.749,00"
MarcaXiaomi,CELULAR POCO X5 PRO 5G 8GB/256GB XIAOMI AZUL,"$419,00"
MarcaSamsung,CELULAR GALAXY Z FLIP 5 8GB/256GB SAMSUNG NEGRO GRATIS MOCHI,"$1.449,00"
MarcaMOTOROLA,CELULAR G72 6GB/128 GB MOTOROLA NEGRO,"$179,00"
MarcaTECNO,CELULAR CAMON 20 PREMIER 8GB/512GB TECNO NEGRO,"$459,00"
MarcaINFINIX,CELULAR HOT 30 8GB/256GB INFINIX BLANCO,"$159,00"
MarcaINFINIX,CELULAR HOT 30I 8GB/128GB INFINIX AZUL,"$129,00"
MarcaMOTOROLA,CELULAR G72 6GB/128 GB MOTOROLA AZUL,"$218,99"
MarcaREALME,CELULAR C51 4GB/128GB REALME NEGRO,"$179,00"
MarcaOPPO,CELULAR A78 5G 8GB/256GB OPPO NEGRO,"$259,00"
MarcaTIA,RELOJ INTELIGENTE XIAOMI MIBRO T2 GOLDEN ROSE MAS RELOJ INTELIGENTE XIAOMI MIBRO T2 AZUL,"$129,01"
MarcaXiaomi,CELULAR REDMI A3 4GB/128GB XIAOMI VERDE,"$129,00"
MarcaHONOR,CELULAR X9B 8GB/512GB HONOR NEGRO,"$399,00"
MarcaZTE,CELULAR REDMAGIC 9 PRO GAMING 16GB/512GB ZTE,"$1.229,01"
MarcaXiaomi,CELULAR 14 12GB/512GB XIAOMI VERDE,"$989,00"
MarcaTECNO,CELULAR CAMON 20 PRO 8GB/256GB TECNO NEGRO,"$218,99"
MarcaSamsung,CELULAR A34 6GB/128GB SAMSUNG PLATEADO,"$329,00"
MarcaTECNO,CELULAR CAMON 20 8GB/256GB TECNO NEGRO,"$218,99"
MarcaXiaomi,CELULAR REDMI NOTE 12S 8GB/256GB XIAOMI CELESTE,"$229,00"
MarcaTECNO,CELULAR SPARK 10 PRO 8GB/256GB TECNO NEGRO REF 9198,"$169,00"
MarcaAPPLE,CELULAR IPHONE 12 128GB APPLE AZUL,"$1.079,00"
MarcaNOKIA,CELULAR C21 PLUS 2GB/64GB NOKIA,"$129,00"
MarcaSamsung,CELULAR GALAXY A04E 3GB/64GB SAMSUNG NEGRO,"$149,01"
MarcaSamsung,CELULAR A02 64GB SAMSUNG AZUL,"$159,00"
MarcaXiaomi,CELULAR REDMI NOTE 8 2021 4GB/64GB XIAOMI AZUL,"$218,99"
MarcaREALME,CELULAR C21Y 4GB/64GB REALME AZUL,"$179,00"
MarcaPANASONIC,TELEFONO PANASONIC BLANCO REF 0LX1B,"$20,99"
MarcaPANASONIC,TELEFONO INALAMBRICO C/2 BASES PANASONIC REF 2LAB,"$109,00"
MarcaHONOR,CELULAR X8A 8GB/128GB HONOR PLATEADO,"$189,00"
MarcaHONOR,CELULAR X6S 4GB/128GB HONOR AZUL,"$187,99"
MarcaHONOR,CELULAR MAGIC 6 LITE 8GB/256GB HONOR NARANJA,"$355,01"
MarcaHONOR,CELULAR MAGIC 6 LITE 8GB/256GB HONOR VERDE,"$355,01"
MarcaINFINIX,CELULAR NOTE 40 8GB/256GB INFINIX NEGRO REF 4391,"$259,00"
MarcaMOTOROLA,CELULAR EDGE 40 NEO 8GB/256GB MOTOROLA NEGRO,"$429,00"
MarcaXiaomi,CELULAR 14 ULTRA 16GB/512GB XIAOMI BLANCO,"$1.368,99"
MarcaXiaomi,CELULAR REDMI 13 8GB/256GB XIAOMI DORADO,"$229,00"
MarcaSamsung,CELULAR A05 4GB/128GB SAMSUNG VERDE REF 02140,"$159,00"
MarcaHONOR,CELULAR X7B 8GB/256GB HONOR PLATA,"$209,00"
MarcaSamsung,CELULAR GALAXY S24 PLUS 8GB/512GB SAMSUNG GRIS,"$1.299,01"
MarcaSamsung,CELULAR GALAXY S24 8GB/256GB SAMSUNG VIOLETA,"$1.079,00"
MarcaHONOR,CELULAR X5 PLUS 4GB/64GB HONOR AZUL,"$139,00"
MarcaINFINIX,CELULAR SMART 8 4GB/128GB INFINIX BLANCO,"$109,00"
MarcaHONOR,CELULAR X6A 4GB/128GB HONOR PLATA,"$159,00"
MarcaSamsung,CELULAR S24 ULTRA 12GB/512GB SAMSUNG GALAXY TITANIO NATURAL,"$1.598,99"
MarcaMOTOROLA,CELULAR G54 8GB/128GB MOTOROLA AZUL,"$229,00"
MarcaMOTOROLA,CELULAR G32 4GB/128 GB MOTOROLA ROSE GOLD,"$169,00"
MarcaSamsung,CELULAR GALAXY Z FOLD 5 12GB/1TB SAMSUNG NEGRO GRATIS MOCHIL,"$2.199,00"
MarcaAPPLE,CELULAR IPHONE 11 4GB/128GB APPLE BLANCO,"$678,99"
MarcaXiaomi,CELULAR REDMI NOTE 11 PRO PLUS 5G 8GB/256GB XIAOMI GRIS,"$379,01"
MarcaINFINIX,CELULAR HOT 30 8GB/256GB INFINIX VERDE,"$149,01"
MarcaITEL,CELULAR S23 S665L 8GB/256GB ITEL NEGRO,"$149,01"
MarcaHONOR,CELULAR 90 12GB/512GB HONOR VERDE,"$549,00"
MarcaREALME,CELULAR C51 4GB/128GB REALME VERDE CLARO,"$179,00"
MarcaREALME,CELULAR C51 4GB/128GB REALME CELESTE,"$169,00"
MarcaOPPO,CELULAR RENO 10 8GB/256GB 5G OPPO GRIS,"$399,00"
MarcaHONOR,CELULAR 90 8GB/256GB HONOR VERDE,"$479,00"
MarcaAPPLE,IPHONE 15 128GB ROSADO APPLE,"$1.199,00"
MarcaOPPO,CELULAR A38 4GB/128GB OPPO DORADO,"$179,00"
MarcaXiaomi,CELULAR REDMI 13C 4GB/128GB XIAOMI NEGRO,"$199,00"
MarcaTECNO,CELULAR PHANTON FLIP 8GB/256GB TECNO MORADO,"$799,00"
